id,date,user,text,lang,likes,retweets
1014951922099450000;RT @zdizoro: Per Propaganda Doc, questa sera, alle 23.15, su La7, il viaggio fatto a dicembre nei luoghi del terremoto del 2016. Mangiar grÛ_;not provided;Provincia di Milano, Lombardia, Italia;1530818370047;Earthquake;no
1019821770277290000;åÀterremoto?, åÁterremoto!, åÀterremoto?, åÁterremoto!, åÀterremoto?, åÁterremoto!...;not provided;BogotÌÁ, Colombia;1531979432295;Earthquake;no
1019822582290400000;åÀterremoto?, åÁterremoto!, åÀterremoto?, åÁterremoto!, åÀterremoto?, åÁterremoto!...;not provided;BogotÌÁ, Colombia;1531979625877;Earthquake;no
1020175416756190000;RT @agensir: Notizie #Sir del giorno: Cei su #migranti, #Nicaragua, #Borsellino, dl #Terremoto, #azzardo, incontro mondiale #famiglie, #MosÛ_;not provided;unknown;1532063748248;Earthquake;no
1023466454375690000;Sisma Indonesia, Foa a rischio in vigilanza Rai, incendi California, No TAV, Camusso contro dl dignitÌÊ, bimbi migraÛ_ https://t.co/OwTdAKtrZ5;not provided;Roma, Lacio;1532848392689;Earthquake;no
1023474606512980000;RT @zazoomnews: Indonesia sisma di magnitudo 6.4 LÛªepicentro a Lombok: vittime e feriti -  #Indonesia #sisma #magnitudo  https://t.co/QU3pzÛ_;not provided;Potenza, Basilicata, Italia, Europa, Terra, Sistema Solare, Ammasso Locale.;1532850336266;Earthquake;no
1023477110042700000;RT @tempoweb: Terremoto in #Indonesia almeno 10 morti e 40 feriti https://t.co/ugDda5lKK4 https://t.co/uZMnDZ6l2M;not provided;Potenza, Basilicata, Italia, Europa, Terra, Sistema Solare, Ammasso Locale.;1532850933145;Earthquake;no
1023483214256640000;RT @zazoomblog: Terremoto in Indonesia: almeno 10 morti e 40 feriti -  #Terremoto #Indonesia: #almeno #morti  https://t.co/YaeMXMM9fm;not provided;Potenza, Basilicata, Italia, Europa, Terra, Sistema Solare, Ammasso Locale.;1532852388531;Earthquake;no
1023487267267140000;RT @zazoomnews: Terremoto Indonesia almeno 10 morti e 40 feriti. Scossa di magnitudo 6.4 con epicentro nellÛªisola di Lombok - #Terremoto #IÛ_;not provided;Potenza, Basilicata, Italia, Europa, Terra, Sistema Solare, Ammasso Locale.;1532853354872;Earthquake;no
1023490731443450000;RT @zazoomnews: Terremoto di magnituto 6.4 in Indonesia 10 morti -  #Terremoto #magnituto #Indonesia #morti https://t.co/v4dte6yHln;not provided;Potenza, Basilicata, Italia, Europa, Terra, Sistema Solare, Ammasso Locale.;1532854180811;Earthquake;no
1023496745743990000;RT @Agenzia_Ansa: #Indonesia #terremoto di magnitudo 6.4 nellisola di #Lombok provoca 10 morti e 40 feriti. Nessun danno a #Bali https://tÛ_;not provided;Potenza, Basilicata, Italia, Europa, Terra, Sistema Solare, Ammasso Locale.;1532855614657;Earthquake;no
1023500462882990000;RT @fattoquotidiano: In #Indonesia sale il bilancio delle vittime causate dal #terremoto [LEGGI];not provided;Potenza, Basilicata, Italia, Europa, Terra, Sistema Solare, Ammasso Locale.;1532856500895;Earthquake;no
1023503354662720000;RT @zazoomblog: Terremoto in Indonesia colpita la zona turistica di Lombok: almeno 13 mortiåÊ -  #Terremoto #Indonesia #colpita  https://t.cÛ_;not provided;Potenza, Basilicata, Italia, Europa, Terra, Sistema Solare, Ammasso Locale.;1532857190353;Earthquake;no
1023529260122820000;RT @vitocontesi: #Kaos il cane che ha salvato tante vite #terremoto avvelenato da chi viene definito umano.....;not provided;Potenza, Basilicata, Italia, Europa, Terra, Sistema Solare, Ammasso Locale.;1532863366705;Earthquake;no
1023908779480550000;RT @augustociardi: Questo Ì¬ Kaos, 3 anni, cane addestrato per salvare vite umane. 2 anni fa, ore successive il terremoto, individuÌ_ un uomoÛ_;not provided;Genova, Liguria, Italy;1532953851181;Earthquake;no
1024308239092120000;Ho caricato un nuovo episodio, 3 - Luongo- Terremoto Casamicciola Ischia, la scelta, il dibattito, la comunitÌÊ, sÛ_ https://t.co/oPYvYTKYrZ;not provided;Ischia, Italy;1533049089855;Earthquake;no
1044238209977400000;@AlessiaMorani zitta.... buona scuola, terremoto, monte dei paschi ecc ecc ecc, la gente, normale, non dimentica, vÛ_ https://t.co/YoQuqLqWgh;not provided;lumezzane;1537800764682;Earthquake;no
1044239506864510000;@AlessiaMorani terremoto, monte dei paschi, buona scuola, unicef, decine di denunciati, famiglia renzi, famiglia boÛ_ https://t.co/EA4vyUUY6r;not provided;lumezzane;1537801073828;Earthquake;no
1044920160958770000;RT @bicipi: @MirkoRefatti @LucaBizzarri In Italia, in effetti, appena crollato un ponte, interi paesi per il terremoto, fino ad oggi, sonoÛ_;not provided;Parma, Emilia Romagna;1537963354342;Earthquake;no
1047868867148690000;Il presidente del Consiglio va ad Assisi, nemmeno una parola sul terremoto.;not provided;giornalista a @LaStampa, scrittrice, videomaker. Libri: I contadini volanti, Il profumo del Mediterraneo, I Baroni di Aleppo, Fiordamalfi.;1538666380637;Earthquake;no
1047871940130690000;Il presidente del Consiglio Ì¬ andato ad Assisi, in Umbria. Nemmeno una parola sul terremoto;not provided;giornalista a @LaStampa, scrittrice, videomaker. Libri: I contadini volanti, Il profumo del Mediterraneo, I Baroni di Aleppo, Fiordamalfi.;1538667113314;Earthquake;no
1048375614716220000;#terremoto 5.0 zona Mar Jonio, avvertito forte a CT, parecchi paesi etnei, Lentini, SR, ma anche Biancavilla, PalagÛ_ https://t.co/jCdffjo7QU;not provided;Catania nord ;1538787198699;Earthquake;no
1048575632358230000;Ad Amatrice, Accumoli e negli altri comuni del terremoto 2016 del Lazio sono trascorsi quasi quattro mesi tra la daÛ_ https://t.co/AmuoZ7W4fm;not provided;giornalista a @LaStampa, scrittrice, videomaker. Libri: I contadini volanti, Il profumo del Mediterraneo, I Baroni di Aleppo, Fiordamalfi.;1538834886627;Earthquake;no
1048576072231660000;Ad Amatrice, Accumoli e negli altri comuni del terremoto 2016 del Lazio sono trascorsi quasi quattro mesi tra la daÛ_ https://t.co/ecRKtQNJoK;not provided;giornalista a @LaStampa, scrittrice, videomaker. Libri: I contadini volanti, Il profumo del Mediterraneo, I Baroni di Aleppo, Fiordamalfi.;1538834991499;Earthquake;no
1050732467773210000;#SulawesiEarthquake: 120 famiglie che vivono nella zona a nord di #Palu _Ùà¨_Ùà©, devastata dal #terremoto, stanno riceveÛ_ https://t.co/D0U1xzNLHV;not provided;Bern, Berne, Berna / Schweiz, Suisse, Svizzera;1539349116655;Earthquake;no
1059020346748220000;Laltro piccolino, mio fratello, amico, compagno, figlio, un pochino terremoto https://t.co/3GDB07yOwu;not provided;SantOlcese, Liguria;1541325105368;Earthquake;no
1060935509034310000;RT @Labbufala: In Puglia si valutano gli effetti del #terremoto: un aumento del raccolto di olive.;not provided;Potenza, Basilicata, Italia, Europa, Terra, Sistema Solare, Ammasso Locale.;1541781715443;Earthquake;no
1060986481890730000;RT @repubblica: _ÙÓ« Bari, scossa di #terremoto avvertita in cittÌÊ e provincia: magnitudo fra 3.4 e 3.9 https://t.co/vym1HRWUqq;not provided;Bari, Puglia,Italy,Europe,World,Universe;1541793868286;Earthquake;no
1060986785814230000;RT @RaiNews: #Bari, #terremoto di magnitudo 3.5: lepicentro localizzato vicino Altamura  Õ https://t.co/bHb6UkP2QK @TgrRaiPuglia https://t.Û_;not provided;Bari, Puglia,Italy,Europe,World,Universe;1541793940726;Earthquake;no
1060986856869910000;RT @rob_castellano: #terremoto Dalla sala operativa della protezione civile riferiscono che Ì¬ stato avvertita in tutta #Puglia, in particolÛ_;not provided;Bari, Puglia,Italy,Europe,World,Universe;1541793957688;Earthquake;no
1064152462519660000;NEWS: Scossa di terremoto in Romagna, avvertita in molte cittÌÊ. Rimini, Cesena, Pesaro, ForlÌÂ, Ravenna, Fano. https://t.co/UgYFVgaAx6;not provided;Bari;1542548696839;Earthquake;yes
1064159124441760000;RT @InMeteo: NEWS: Scossa di terremoto in Romagna, avvertita in molte cittÌÊ. Rimini, Cesena, Pesaro, ForlÌÂ, Ravenna, Fano. https://t.co/UgYÛ_;not provided;Italia;1542550285050;Earthquake;yes
1064767864480190000;EMERGENZA MALTEMPO DONA BLA,,BLA,,BLA,, - MALTEMPO /TERREMOTO IN ITALIA E NEL MONDO https://t.co/2wJLR0Ojiy;not provided;unknown;1542695419977;Earthquake;no
1068506668516950000;Terre, terre, terre, terre, terre, terre, terremoto pa tu cola;not provided;Argentina;1543586820144;Earthquake;no
1070460786185810000;Che si tratti di incendio, alluvione, terremoto, neve e ghiaccio, ricerca e soccorso, noi del #NVPC #ArciCaccia sarÛ_ https://t.co/hY2NgR5I9C;not provided;Acireale, Sicily;1544052718540;Earthquake;no
1073171757585040000;Terremoto: il fallimento della scelta di ricorrere alle casette dÛªemergenza tra muffe, traslochi e suicidiÛ_ https://t.co/YlpNeS3Haa;not provided;giornalista a @LaStampa, scrittrice, videomaker. Libri: I contadini volanti, Il profumo del Mediterraneo, I Baroni di Aleppo, Fiordamalfi.;1544699063893;Earthquake;no
1084108290395700000;Ricostruzione post-sisma, altri 65 milioni di euro per i centri storici del cratere ristretto dellEmiliaÛ_ https://t.co/64bLZUr3Hv;not provided;Bologna, Modena, Reggio, Parma, Piacenza, Ferrara;1547306528960;Earthquake;no
1084195965664480000;RT @DavidPuente: Le dichiarazioni di uno dei protagonisti del sisma di Amatrice, don Fabrizio Borrello, vanno lette una, due, tre volte (peÛ_;not provided;Lecce, Bologna, Modena;1547327432162;Earthquake;no
1084433090662090000;RT @DavidPuente: Le dichiarazioni di uno dei protagonisti del sisma di Amatrice, don Fabrizio Borrello, vanno lette una, due, tre volte (peÛ_;not provided;Cuneo, Piemonte, Italia;1547383967182;Earthquake;no
1084481995839800000;RT @beabri: ChecchÌ© ne dica Salvini, nelle zone colpite dal sisma non Ì¬ successo niente, in questi 7 mesi di governo gialloverde, se non quÛ_;not provided;Napoli,Berlin,Athina,Mediterraneo;1547395627096;Earthquake;no
1084788687542600000;1968 #sisma #Belice 1976 #Friuli, poi Irpinia, Umbria, Molise, lAquila, Emilia, Italia centrale. Per alto rischioÛ_ https://t.co/Wija23Fyuw;not provided;unknown;1547468748355;Earthquake;no
1084950768174660000;Raga ho sentito il terremoto, mi sto cagando addosso giuro;not provided;_ãöÂ_ã, ÏÊ¥__ã, üÓ_Üö_ü, Ïããö, Ä_«Üö, ¥÷«_«_ü;1547507391114;Earthquake;no
1084950922281860000;RT @_Fa_St_: 5 min.fa #terremoto 4.8 a Ravenna (Emilia-Romagna), Italy, 5.0km, 00:03 CET (EMSC) https://t.co/LqmpULhtVz https://t.co/Q7IcZNÛ_;not provided;Venice, Italy, EU, www;1547507427846;Earthquake;no
1084952051535280000;RT @kstewjessa394: Padova, ForlÌÂ, Bologna, Venezia, Firenze, Pesaro, Ravenna...;not provided;unknown;1547507697087;Earthquake;no
1084952053926060000;RT @kstewjessa394: Padova, ForlÌÂ, Bologna, Venezia, Firenze, Pesaro, Ravenna...;not provided;ITALY;1547507697651;Earthquake;no
1084952169772660000;RT @kstewjessa394: Padova, ForlÌÂ, Bologna, Venezia, Firenze, Pesaro, Ravenna...;not provided;unknown;1547507725342;Earthquake;no
1084952197543150000;RT @kstewjessa394: Padova, ForlÌÂ, Bologna, Venezia, Firenze, Pesaro, Ravenna...;not provided;Padova;1547507731977;Earthquake;no
1084952563068390000;RT @kstewjessa394: Padova, ForlÌÂ, Bologna, Venezia, Firenze, Pesaro, Ravenna...;not provided;unknown;1547507819054;Earthquake;no
1084952855675570000;RT @kstewjessa394: Padova, ForlÌÂ, Bologna, Venezia, Firenze, Pesaro, Ravenna...;not provided;Padova;1547507888811;Earthquake;no
1084953063188810000;RT @kstewjessa394: Padova, ForlÌÂ, Bologna, Venezia, Firenze, Pesaro, Ravenna...;not provided;Milano - Verona - Austin;1547507938359;Earthquake;no
1084953404865150000;RT @kstewjessa394: Padova, ForlÌÂ, Bologna, Venezia, Firenze, Pesaro, Ravenna...;not provided;unknown;1547508019744;Earthquake;no
1084953897502930000;RT @kstewjessa394: Padova, ForlÌÂ, Bologna, Venezia, Firenze, Pesaro, Ravenna...;not provided;Italia;1547508137197;Earthquake;no
1084954165141530000;RT @kstewjessa394: Padova, ForlÌÂ, Bologna, Venezia, Firenze, Pesaro, Ravenna...;not provided;unknown;1547508201006;Earthquake;no
1084954609553230000;@Agenzia_Ansa terremoto nord est epicentro tra ForlÌÂ a cesena, sentito fino i  trentino, trieste, venezia, bologna, padova;not provided;Un po quÌÊ, un po anche di La;1547508306985;Earthquake;no
1084954695611960000;RT @kstewjessa394: Padova, ForlÌÂ, Bologna, Venezia, Firenze, Pesaro, Ravenna...;not provided; _Ù¼;1547508327493;Earthquake;no
1084954718869340000;RT @kstewjessa394: Padova, ForlÌÂ, Bologna, Venezia, Firenze, Pesaro, Ravenna...;not provided;unknown;1547508333042;Earthquake;no
1084954996154790000;RT @kstewjessa394: Padova, ForlÌÂ, Bologna, Venezia, Firenze, Pesaro, Ravenna...;not provided;yeolmaes_üü_¾÷Ù _ÙÎÙ_Ù_;1547508399129;Earthquake;no
1084955484581490000;RT @kstewjessa394: Padova, ForlÌÂ, Bologna, Venezia, Firenze, Pesaro, Ravenna...;not provided;unknown;1547508515594;Earthquake;no
1084956215204060000;RT @kstewjessa394: Padova, ForlÌÂ, Bologna, Venezia, Firenze, Pesaro, Ravenna...;not provided;Altrove;1547508689795;Earthquake;no
1084956227170430000;RT @kstewjessa394: Padova, ForlÌÂ, Bologna, Venezia, Firenze, Pesaro, Ravenna...;not provided;probably on earth;1547508692656;Earthquake;no
1084956242253100000;RT @kstewjessa394: Padova, ForlÌÂ, Bologna, Venezia, Firenze, Pesaro, Ravenna...;not provided;unknown;1547508696253;Earthquake;no
1084957081751430000;RT @kstewjessa394: Padova, ForlÌÂ, Bologna, Venezia, Firenze, Pesaro, Ravenna...;not provided;unknown;1547508896389;Earthquake;no
1084958141987600000;RT @kstewjessa394: Padova, ForlÌÂ, Bologna, Venezia, Firenze, Pesaro, Ravenna...;not provided;unknown;1547509149187;Earthquake;no
1084958214641400000;RT @kstewjessa394: Padova, ForlÌÂ, Bologna, Venezia, Firenze, Pesaro, Ravenna...;not provided;unknown;1547509166478;Earthquake;no
1084958388323250000;RT @kstewjessa394: Padova, ForlÌÂ, Bologna, Venezia, Firenze, Pesaro, Ravenna...;not provided;14/05/2016;1547509207963;Earthquake;no
1084960272115210000;RT @kstewjessa394: Padova, ForlÌÂ, Bologna, Venezia, Firenze, Pesaro, Ravenna...;not provided;baekhyun / elisa / margs;1547509657025;Earthquake;no
1084960329757530000;RT @kstewjessa394: Padova, ForlÌÂ, Bologna, Venezia, Firenze, Pesaro, Ravenna...;not provided;my king:@Jungkook;1547509670792;Earthquake;no
1084961391839230000;RT @kstewjessa394: Padova, ForlÌÂ, Bologna, Venezia, Firenze, Pesaro, Ravenna...;not provided;unknown;1547509923999;Earthquake;no
1084964029586640000;RT @kstewjessa394: Padova, ForlÌÂ, Bologna, Venezia, Firenze, Pesaro, Ravenna...;not provided;New York Institute and Idris;1547510552900;Earthquake;no
1084965987189960000;RT @kstewjessa394: Padova, ForlÌÂ, Bologna, Venezia, Firenze, Pesaro, Ravenna...;not provided;Italia ;1547511019601;Earthquake;no
1084968966542500000;RT @kstewjessa394: Padova, ForlÌÂ, Bologna, Venezia, Firenze, Pesaro, Ravenna...;not provided;Rome Italy;1547511729967;Earthquake;no
1084969083874010000;RT @kstewjessa394: Padova, ForlÌÂ, Bologna, Venezia, Firenze, Pesaro, Ravenna...;not provided;Northern Italy;1547511757934;Earthquake;no
1084971877477600000;#Ravenna, ForlÌÂ, Cesena, Venezia, Treviso, Trieste, ecc.;not provided;unknown;1547512423953;Earthquake;no
1084987222263320000;RT @kstewjessa394: Padova, ForlÌÂ, Bologna, Venezia, Firenze, Pesaro, Ravenna...;not provided;_Ù_üÛ_ÙÎö;1547516082453;Earthquake;no
1085005545122220000;Tendenze italiane: #terremoto, #RomaEntella, #cinecori, #Ravenna, #Presadiretta, Romagna, DAnnunzio;not provided;unknown;1547520450942;Earthquake;no
1085015021896240000;RT @kstewjessa394: Padova, ForlÌÂ, Bologna, Venezia, Firenze, Pesaro, Ravenna...;not provided;221b baker street/Mystic Falls;1547522710487;Earthquake;no
1085056186435750000;RT @kstewjessa394: Padova, ForlÌÂ, Bologna, Venezia, Firenze, Pesaro, Ravenna...;not provided;Italia;1547532524801;Earthquake;no
1085057847308790000;RT @kstewjessa394: Padova, ForlÌÂ, Bologna, Venezia, Firenze, Pesaro, Ravenna...;not provided;genova;1547532920766;Earthquake;no
1085059487864680000;RT @kstewjessa394: Padova, ForlÌÂ, Bologna, Venezia, Firenze, Pesaro, Ravenna...;not provided;Hogwarts;1547533311950;Earthquake;no
1085060277379490000;RT @kstewjessa394: Padova, ForlÌÂ, Bologna, Venezia, Firenze, Pesaro, Ravenna...;not provided;Witnessing w/dxlivrium;1547533502292;Earthquake;no
1085061946989250000;RT @kstewjessa394: Padova, ForlÌÂ, Bologna, Venezia, Firenze, Pesaro, Ravenna...;not provided;unknown;1547533898205;Earthquake;no
1085062357859120000;RT @kstewjessa394: Padova, ForlÌÂ, Bologna, Venezia, Firenze, Pesaro, Ravenna...;not provided;unknown;1547533996146;Earthquake;no
1085063526799060000;RT @kstewjessa394: Padova, ForlÌÂ, Bologna, Venezia, Firenze, Pesaro, Ravenna...;not provided;unknown;1547534274854;Earthquake;no
1085067772189680000;RT @kstewjessa394: Padova, ForlÌÂ, Bologna, Venezia, Firenze, Pesaro, Ravenna...;not provided;In Corys arms;1547535287036;Earthquake;no
1085070379507430000;RT @kstewjessa394: Padova, ForlÌÂ, Bologna, Venezia, Firenze, Pesaro, Ravenna...;not provided;unknown;1547535908651;Earthquake;no
1085075520272910000;RT @kstewjessa394: Padova, ForlÌÂ, Bologna, Venezia, Firenze, Pesaro, Ravenna...;not provided;Trench ;1547537134308;Earthquake;no
1085077013159950000;RT @kstewjessa394: Padova, ForlÌÂ, Bologna, Venezia, Firenze, Pesaro, Ravenna...;not provided;multifandom Ï¬;1547537490238;Earthquake;no
1085078575143890000;RT @kstewjessa394: Padova, ForlÌÂ, Bologna, Venezia, Firenze, Pesaro, Ravenna...;not provided;Emilia Romagna ;1547537862639;Earthquake;no
1085080333794580000;RT @kstewjessa394: Padova, ForlÌÂ, Bologna, Venezia, Firenze, Pesaro, Ravenna...;not provided;unknown;1547538281936;Earthquake;no
1085082050577780000;RT @kstewjessa394: Padova, ForlÌÂ, Bologna, Venezia, Firenze, Pesaro, Ravenna...;not provided;terra terra;1547538691256;Earthquake;no
1085086936493110000;RT @kstewjessa394: Padova, ForlÌÂ, Bologna, Venezia, Firenze, Pesaro, Ravenna...;not provided;palazzo del popolo;1547539856709;Earthquake;no
1085091152443900000;Terremoto in Romagna, scossa di magnitudo 4.6 | 24Emilia https://t.co/XFUP1ZAwsO https://t.co/nR1z3pRI46;not provided;Bologna, Modena, Reggio, Parma, Piacenza, Ferrara;1547540861510;Earthquake;no
1085098307901410000;RT @kstewjessa394: Padova, ForlÌÂ, Bologna, Venezia, Firenze, Pesaro, Ravenna...;not provided;unknown;1547542567318;Earthquake;no
1085100496258580000;RT @kstewjessa394: Padova, ForlÌÂ, Bologna, Venezia, Firenze, Pesaro, Ravenna...;not provided;unknown;1547543089055;Earthquake;no
1085112398996890000;RT @kstewjessa394: Padova, ForlÌÂ, Bologna, Venezia, Firenze, Pesaro, Ravenna...;not provided;Giappone;1547545926917;Earthquake;no
1085113288294240000;RT @kstewjessa394: Padova, ForlÌÂ, Bologna, Venezia, Firenze, Pesaro, Ravenna...;not provided;_¤¼Ü»¼¼: @f_i_n_d__m_e ¥âÒ;1547546138958;Earthquake;no
1085142702214310000;RT @kstewjessa394: Padova, ForlÌÂ, Bologna, Venezia, Firenze, Pesaro, Ravenna...;not provided;In un mondo parallelo ;1547553151765;Earthquake;no
1085145365396050000;RT @kstewjessa394: Padova, ForlÌÂ, Bologna, Venezia, Firenze, Pesaro, Ravenna...;not provided;unknown;1547553786748;Earthquake;no
1085155502420560000;RT @kstewjessa394: Padova, ForlÌÂ, Bologna, Venezia, Firenze, Pesaro, Ravenna...;not provided;unknown;1547556203611;Earthquake;no
1085162756901400000;RT @kstewjessa394: Padova, ForlÌÂ, Bologna, Venezia, Firenze, Pesaro, Ravenna...;not provided;at concert ªÁ;1547557933143;Earthquake;no
1085186662680770000;RT @kstewjessa394: Padova, ForlÌÂ, Bologna, Venezia, Firenze, Pesaro, Ravenna...;not provided;_ÙÐ_;1547563632772;Earthquake;no
1085244749202750000;RT @24emilia: Terremoto in Romagna, scossa di magnitudo 4.6 | 24Emilia https://t.co/XFUP1ZAwsO https://t.co/nR1z3pRI46;not provided;Bologna, Modena, Reggio, Parma, Piacenza, Ferrara;1547577481639;Earthquake;no
1085455605568020000;RT @RegioneER: #TERREMOTO a #RAVENNA, VERTICE col capo della Protezione civile, BORRELLI, e lassessore GAZZOLO : Finora, i controlli giÌÊÛ_;not provided;Modena, Emilia-Romagna, Italia;1547627753717;Earthquake;no
1085474180320110000;Vertice dopo il forte terremoto in Romagna (4.6): tanta paura, ma nessuna conseguenza | 24EmiliaÛ_ https://t.co/BX2JqEOaIT;not provided;Bologna, Modena, Reggio, Parma, Piacenza, Ferrara;1547632182420;Earthquake;no
1087460591906810000;La tragedia del terremoto, la disabilitÌÊ, lÛªomosessualitÌÊ, il tumore, i rapporti adolescenziali, la perdita di un fÛ_ https://t.co/9BYB830uO1;not provided;Milano, Lombardia;1548105779613;Earthquake;no
1087460912477420000;RT @LucaCaprai: La tragedia del terremoto, la disabilitÌÊ, lÛªomosessualitÌÊ, il tumore, i rapporti adolescenziali, la perdita di un figlio: #Û_;not provided;Sardegna, Medio Campidano;1548105856009;Earthquake;no
1087461073081580000;RT @LucaCaprai: La tragedia del terremoto, la disabilitÌÊ, lÛªomosessualitÌÊ, il tumore, i rapporti adolescenziali, la perdita di un figlio: #Û_;not provided;Ancona, Marche;1548105894318;Earthquake;no
1087462247834760000;RT @LucaCaprai: La tragedia del terremoto, la disabilitÌÊ, lÛªomosessualitÌÊ, il tumore, i rapporti adolescenziali, la perdita di un figlio: #Û_;not provided;Italy, Rome;1548106174405;Earthquake;no
1087462356941260000;RT @LucaCaprai: La tragedia del terremoto, la disabilitÌÊ, lÛªomosessualitÌÊ, il tumore, i rapporti adolescenziali, la perdita di un figlio: #Û_;not provided;221 Baker Street, Tardis;1548106200414;Earthquake;no
1087463801581170000;RT @LucaCaprai: La tragedia del terremoto, la disabilitÌÊ, lÛªomosessualitÌÊ, il tumore, i rapporti adolescenziali, la perdita di un figlio: #Û_;not provided;Fasano, Puglia;1548106544866;Earthquake;no
1087464753948250000;RT @LucaCaprai: La tragedia del terremoto, la disabilitÌÊ, lÛªomosessualitÌÊ, il tumore, i rapporti adolescenziali, la perdita di un figlio: #Û_;not provided;Salerno, Campania;1548106771911;Earthquake;no
1087468235635760000;RT @LucaCaprai: La tragedia del terremoto, la disabilitÌÊ, lÛªomosessualitÌÊ, il tumore, i rapporti adolescenziali, la perdita di un figlio: #Û_;not provided;Bari, Puglia;1548107602006;Earthquake;no
1087469225889930000;RT @LucaCaprai: La tragedia del terremoto, la disabilitÌÊ, lÛªomosessualitÌÊ, il tumore, i rapporti adolescenziali, la perdita di un figlio: #Û_;not provided;Asti, Piemonte;1548107838109;Earthquake;no
1087470032664360000;RT @LucaCaprai: La tragedia del terremoto, la disabilitÌÊ, lÛªomosessualitÌÊ, il tumore, i rapporti adolescenziali, la perdita di un figlio: #Û_;not provided;Roma, Lazio;1548108030478;Earthquake;no
1087472059662450000;RT @LucaCaprai: La tragedia del terremoto, la disabilitÌÊ, lÛªomosessualitÌÊ, il tumore, i rapporti adolescenziali, la perdita di un figlio: #Û_;not provided;Pistoia, Toscana;1548108513718;Earthquake;no
1087474271042100000;RT @LucaCaprai: La tragedia del terremoto, la disabilitÌÊ, lÛªomosessualitÌÊ, il tumore, i rapporti adolescenziali, la perdita di un figlio: #Û_;not provided;Verona, Veneto;1548109040965;Earthquake;no
1087474938938830000;RT @LucaCaprai: La tragedia del terremoto, la disabilitÌÊ, lÛªomosessualitÌÊ, il tumore, i rapporti adolescenziali, la perdita di un figlio: #Û_;not provided;Bologna, Emilia Romagna;1548109200232;Earthquake;no
1087476094264050000;RT @LucaCaprai: La tragedia del terremoto, la disabilitÌÊ, lÛªomosessualitÌÊ, il tumore, i rapporti adolescenziali, la perdita di un figlio: #Û_;not provided;Altamura, Puglia;1548109475623;Earthquake;no
1087477888302140000;RT @LucaCaprai: La tragedia del terremoto, la disabilitÌÊ, lÛªomosessualitÌÊ, il tumore, i rapporti adolescenziali, la perdita di un figlio: #Û_;not provided;Milano, Lombardia;1548109903399;Earthquake;no
1087477958804230000;RT @LucaCaprai: La tragedia del terremoto, la disabilitÌÊ, lÛªomosessualitÌÊ, il tumore, i rapporti adolescenziali, la perdita di un figlio: #Û_;not provided;Napoli, Campania;1548109920198;Earthquake;no
1087478519960090000;RT @LucaCaprai: La tragedia del terremoto, la disabilitÌÊ, lÛªomosessualitÌÊ, il tumore, i rapporti adolescenziali, la perdita di un figlio: #Û_;not provided;Faggiano, Puglia;1548110054007;Earthquake;no
1087479180512680000;RT @LucaCaprai: La tragedia del terremoto, la disabilitÌÊ, lÛªomosessualitÌÊ, il tumore, i rapporti adolescenziali, la perdita di un figlio: #Û_;not provided;Lombardia, Italia;1548110211465;Earthquake;no
1087479493441310000;RT @LucaCaprai: La tragedia del terremoto, la disabilitÌÊ, lÛªomosessualitÌÊ, il tumore, i rapporti adolescenziali, la perdita di un figlio: #Û_;not provided;Napoli, Campania;1548110286109;Earthquake;no
1087479626316890000;RT @LucaCaprai: La tragedia del terremoto, la disabilitÌÊ, lÛªomosessualitÌÊ, il tumore, i rapporti adolescenziali, la perdita di un figlio: #Û_;not provided;Crotone, Calabria;1548110317747;Earthquake;no
1087483040568400000;RT @LucaCaprai: La tragedia del terremoto, la disabilitÌÊ, lÛªomosessualitÌÊ, il tumore, i rapporti adolescenziali, la perdita di un figlio: #Û_;not provided;Milano, Lombardia;1548111131800;Earthquake;no
1087483455448010000;RT @LucaCaprai: La tragedia del terremoto, la disabilitÌÊ, lÛªomosessualitÌÊ, il tumore, i rapporti adolescenziali, la perdita di un figlio: #Û_;not provided;Lucca, Toscana;1548111230681;Earthquake;no
1087486488089110000;RT @LucaCaprai: La tragedia del terremoto, la disabilitÌÊ, lÛªomosessualitÌÊ, il tumore, i rapporti adolescenziali, la perdita di un figlio: #Û_;not provided;London, England;1548111953722;Earthquake;no
1087487501739180000;RT @LucaCaprai: La tragedia del terremoto, la disabilitÌÊ, lÛªomosessualitÌÊ, il tumore, i rapporti adolescenziali, la perdita di un figlio: #Û_;not provided;_ÙÒBenevento, Campania;1548112195423;Earthquake;no
1087490287558110000;RT @LucaCaprai: La tragedia del terremoto, la disabilitÌÊ, lÛªomosessualitÌÊ, il tumore, i rapporti adolescenziali, la perdita di un figlio: #Û_;not provided;Sicilia, Italia;1548112859579;Earthquake;no
1087491062044800000;RT @LucaCaprai: La tragedia del terremoto, la disabilitÌÊ, lÛªomosessualitÌÊ, il tumore, i rapporti adolescenziali, la perdita di un figlio: #Û_;not provided;Catania, Sicilia;1548113044247;Earthquake;no
1087578932495420000;RT @LucaCaprai: La tragedia del terremoto, la disabilitÌÊ, lÛªomosessualitÌÊ, il tumore, i rapporti adolescenziali, la perdita di un figlio: #Û_;not provided;Roma, Lazio;1548133994180;Earthquake;no
1087606298466760000;RT @LucaCaprai: La tragedia del terremoto, la disabilitÌÊ, lÛªomosessualitÌÊ, il tumore, i rapporti adolescenziali, la perdita di un figlio: #Û_;not provided;Erbusco, Lombardia;1548140518735;Earthquake;no
1087682391529930000;RT @LucaCaprai: La tragedia del terremoto, la disabilitÌÊ, lÛªomosessualitÌÊ, il tumore, i rapporti adolescenziali, la perdita di un figlio: #Û_;not provided;New York, NY;1548158660718;Earthquake;no
1087775533511980000;RT @LucaCaprai: La tragedia del terremoto, la disabilitÌÊ, lÛªomosessualitÌÊ, il tumore, i rapporti adolescenziali, la perdita di un figlio: #Û_;not provided;Milano, Lombardia;1548180867492;Earthquake;no
1090023863839300000;RT @LucaCaprai: La tragedia del terremoto, la disabilitÌÊ, lÛªomosessualitÌÊ, il tumore, i rapporti adolescenziali, la perdita di un figlio: #Û_;not provided;New York, USA;1548716911130;Earthquake;no
1092516784543050000;RT @scarpettavenere: Le sue ordinanze ci permisero, nel 1984, di fronteggiare lemergenza del sisma e di avviare, lanno successivo, i lavoÛ_;not provided;Napoli, Roma, Milano;1549311269773;Earthquake;no
1094349376284180000;@juanvillorio1 USTED PREDICE UN TERREMOTO O UNA TRAGEDIA,,,,!!!!!!!!!!!;not provided;Igualdad,honest,opine no calle;1549748193442;Earthquake;no
1095604011099660000;Alessandro Di Battista scaricato da Luigi Di Maio, retroscena/terremoto il mondo i,, mi 7 ,, no va a braccetto conÛ_ https://t.co/c6tUJovkvz;not provided;Torino, Piemonte;1550047321609;Earthquake;no
1095700379902320000;Terremoto del 2012 in Emilia, assolti i quattro imputati nel processo per il crollo della Ceramica SantAgostino chÛ_ https://t.co/U9Q6mfxC7h;not provided;Bologna, Modena, Reggio, Parma, Piacenza, Ferrara;1550070297907;Earthquake;no
1095706382530150000;RT @24emilia: Terremoto del 2012 in Emilia, assolti i quattro imputati nel processo per il crollo della Ceramica SantAgostino che causÌ_ laÛ_;not provided;Bologna, Modena, Reggio, Parma, Piacenza, Ferrara;1550071728907;Earthquake;no
1096348932635040000;RT @INGVterremoti: [STIMA #PROVVISORIA] #terremoto Mag tra 3.2 e 3.7 ore 10:16 IT del 15-02-2019, prov/zona Vibo Valentia #INGV_21567571 htÛ_;not provided;Bologna, Modena, Reggio, Parma, Piacenza, Ferrara;1550224924652;Earthquake;no
1097577358465380000;Una scossa di #terremoto magnitudo 2.4 Ì¬ stata avvertita alle 19.23 nella bassa reggiana, epicentro a Bagnolo in PiÛ_ https://t.co/v904BU8TTT;not provided;Bologna, Modena, Reggio, Parma, Piacenza, Ferrara;1550517804582;Earthquake;no
1097624521648070000;RT @24emilia: Una scossa di #terremoto magnitudo 2.4 Ì¬ stata avvertita alle 19.23 nella bassa reggiana, epicentro a Bagnolo in Piano. httpsÛ_;not provided;Bologna, Modena, Reggio, Parma, Piacenza, Ferrara;1550529048666;Earthquake;no
1100776781840290000;_ÙÔä_ÙÈ_ÙÒ__Ù__Mattinata di interviste a Palazzo Ducale, dopo il terremoto in Giunta, post Elezioni Regionali, con le dimissioÛ_ https://t.co/hhoKfKMNLe;GeoLocation{latitude=40.7267, longitude=8.55917};Italia, Roma, Sassari;1551280605856;Earthquake;no
1126111515109670000;@matteo__o Della morte,dellÛªaereo,delle gallerie,dei ponti,del terremoto,dei cavalcavia,di morire solo e abbandonatÛ_ https://t.co/LwGU6fjvG3;not provided;unknown;1557320887180;Earthquake;no
1129059413095040000;Sisma, 7 anni dopo si rafforza lÛªeconomia | 24Emilia https://t.co/e29wesGIaA https://t.co/WUb26ep6go;not provided;Bologna, Modena, Reggio, Parma, Piacenza, Ferrara;1558023721746;Earthquake;no
1129062258519220000;RT @24emilia: Sisma, 7 anni dopo si rafforza lÛªeconomia | 24Emilia https://t.co/e29wesGIaA https://t.co/WUb26ep6go;not provided;Bologna, Modena, Reggio, Parma, Piacenza, Ferrara;1558024399205;Earthquake;no
1130828360156940000;Boato, Scossa, terremoto, portare fuori, mantenere la calma, controllare che nessuno resti dentro, uscire tutti.;not provided;unknown;1558445470706;Earthquake;no
1130836518648580000;TT: #Terremoto, Ida e Riccardo, Lauda, Gli 80, Armando, #ocse, #Niki e #gameofthonesfinale!;not provided;unknown;1558447415788;Earthquake;no
1130862706150570000;Trends: #ATINYSelcaDay, Giudice Sportivo, Gavia, downton abbey, Terremoto in Puglia, armando, #OCSE e #quartarepubblica.;not provided;unknown;1558453659424;Earthquake;no
1130938444572770000;RT @luciasuryano: Boato, Scossa, terremoto, portare fuori, mantenere la calma, controllare che nessuno resti dentro, uscire tutti.;not provided;unknown;1558471716833;Earthquake;no
1130995125503570000;Terre, terre, terre terre, terre, terre terre, terre, terremoto paÛª tu cola. https://t.co/MW1GHgtjri;not provided;æªæÛ«««Ü«àÛªs æª«««÷«àæÛ.;1558485230989;Earthquake;no
1130995521764700000;RT @thstarsmistake: Terre, terre, terre terre, terre, terre terre, terre, terremoto paÛª tu cola. https://t.co/MW1GHgtjri;not provided;«ã«ÛæÛ«æÙå_ Ïø ¢«Û««æÛ«Û Ïø «÷«à¢¢æ ¬_ ««Û«Ý;1558485325095;Earthquake;no
1052419307504880000;RT @babyLux_93: Profumo diffuso di castagne fumanti, capelli bagnati, accappatoio caldo, luci sfuocate dalla finestra, ombre allungate, vogÛ_;not provided;Qena, Egypt- egitto;1539751290100;Fires;no
1053251500070310000;Collo bloccato, testa in fiamme, braccio distrutto, gambe di legno, pensieri di filo spinato, almeno la pizza a pranzo e vaffanculo.;not provided;Sotto i letti, negli armadi. ;1539949700169;Fires;no
1053254222186190000;RT @TenebraeXYZ: Collo bloccato, testa in fiamme, braccio distrutto, gambe di legno, pensieri di filo spinato, almeno la pizza a pranzo e vÛ_;not provided;Torino, Piemonte;1539950349254;Fires;no
1064825253539520000;RT @Sil_NYC2010: Festa in strada e a tema_Ù__, fuochi dÛªartificio_Ù_ , crociere fluviali, bar, discoteche_ÙÕÄ, per un #Capodanno unico!_Ù__Ù´â;not provided;St. Louis, USA;1542709102639;Fires;no
1065887211902640000;DÌÊ fuoco alla casa, morto il figlio di 11 anni | 24Emilia https://t.co/aBVGkjOFOg https://t.co/zcyXUF19nh;not provided;Bologna, Modena, Reggio, Parma, Piacenza, Ferrara;1542962293451;Fires;no
1065905528247910000;RT @24emilia: DÌÊ fuoco alla casa, morto il figlio di 11 anni | 24Emilia https://t.co/aBVGkjOFOg https://t.co/zcyXUF19nh;not provided;Bologna, Modena, Reggio, Parma, Piacenza, Ferrara;1542966660104;Fires;no
1085631284913860000;RT @Festival_2019: Tu sarai la forza mia,la mia strada,il mio domani,il mio sole,la pioggia,il fuoco e lacqua dove io mi tufferÌ_,tu saraiÛ_;not provided;unknown;1547669638929;Fires;no
1092739826200260000;RT @MarsellaLuca: Campi rom, degrado, roghi tossici, immondizia, buche, emergenza abitativa. #Roma Ì¬ allo sbando amministrata da un sindacoÛ_;not provided;Bratislava, Slovacchia;1549364446852;Fires;no
1092744179661360000;RT @MarsellaLuca: Campi rom, degrado, roghi tossici, immondizia, buche, emergenza abitativa. #Roma Ì¬ allo sbando amministrata da un sindacoÛ_;not provided;Bastia Umbra, Umbria;1549365484813;Fires;no
1092754534810740000;RT @MarsellaLuca: Campi rom, degrado, roghi tossici, immondizia, buche, emergenza abitativa. #Roma Ì¬ allo sbando amministrata da un sindacoÛ_;not provided;Salerno, Campania;1549367953659;Fires;no
1092755139809760000;RT @MarsellaLuca: Campi rom, degrado, roghi tossici, immondizia, buche, emergenza abitativa. #Roma Ì¬ allo sbando amministrata da un sindacoÛ_;not provided;Basilicata, Italia;1549368097953;Fires;no
1092759512245850000;RT @MarsellaLuca: Campi rom, degrado, roghi tossici, immondizia, buche, emergenza abitativa. #Roma Ì¬ allo sbando amministrata da un sindacoÛ_;not provided;Roma, Lazio;1549369140348;Fires;no
1092763782189930000;RT @MarsellaLuca: Campi rom, degrado, roghi tossici, immondizia, buche, emergenza abitativa. #Roma Ì¬ allo sbando amministrata da un sindacoÛ_;not provided;Abruzzo, Italia;1549370158396;Fires;no
1092794816163960000;RT @MarsellaLuca: Campi rom, degrado, roghi tossici, immondizia, buche, emergenza abitativa. #Roma Ì¬ allo sbando amministrata da un sindacoÛ_;not provided;Friuli-Venezia Giulia, Italia;1549377557564;Fires;no
1092809131189300000;RT @MarsellaLuca: Campi rom, degrado, roghi tossici, immondizia, buche, emergenza abitativa. #Roma Ì¬ allo sbando amministrata da un sindacoÛ_;not provided;Trecate, Piemonte;1549380970507;Fires;no
1092822006066830000;RT @MarsellaLuca: Campi rom, degrado, roghi tossici, immondizia, buche, emergenza abitativa. #Roma Ì¬ allo sbando amministrata da un sindacoÛ_;not provided;Salerno, Campania;1549384041233;Fires;no
1092891033657050000;RT @MarsellaLuca: Campi rom, degrado, roghi tossici, immondizia, buche, emergenza abitativa. #Roma Ì¬ allo sbando amministrata da un sindacoÛ_;not provided;Piemonte, Italia;1549400497544;Fires;no
1092910228356690000;RT @MarsellaLuca: Campi rom, degrado, roghi tossici, immondizia, buche, emergenza abitativa. #Roma Ì¬ allo sbando amministrata da un sindacoÛ_;not provided;Merano, Trentino-Alto Adige;1549405073872;Fires;no
1092923013887120000;RT @MarsellaLuca: Campi rom, degrado, roghi tossici, immondizia, buche, emergenza abitativa. #Roma Ì¬ allo sbando amministrata da un sindacoÛ_;not provided;Basilicata, Italia;1549408122208;Fires;no
1093136617303360000;RT @MarsellaLuca: Campi rom, degrado, roghi tossici, immondizia, buche, emergenza abitativa. #Roma Ì¬ allo sbando amministrata da un sindacoÛ_;not provided;Lazio, Italia;1549459049183;Fires;no
1006657896699050000;Cosa non puÌ_ mancare nel tuo frigorifero? ÛÓ Alcoolici, acqua, frutta, verdura, pesce, uova... Ma soprattutto il freÛ_ https://t.co/LduOQy7Swl;not provided;Torre del Greco, Campania;1528840920321;Lifeline failures;no
1008608988076920000;RT @zazoomblog: Forte terremoto in Giappone vicino Osaka: 3 morti e un centinaio di feriti voli cancellati e blackout [DATI e MAPPE] - #ForÛ_;not provided;Potenza, Basilicata, Italia, Europa, Terra, Sistema Solare, Ammasso Locale.;1529306096692;Lifeline failures;no
1045605600057400000;ÛÏAndando avanti ho avuto alti, bassi, blackout, perso falsi amici, fatto sacrifici, Ì¬ meglio che tÛªabitui a certe cÛ_ https://t.co/N8yhXsu6ZC;not provided;Lecce, Puglia;1538126775829;Lifeline failures;no
1050000737714030000;Non mi incazzo con lei, nÌ© con chi, come me, si spende per lacqua pubblica, ma con chi ha chiuso i manicomi! https://t.co/1qp4K8r6f6;not provided;roma, zagarolo,  frascati;1539174658145;Lifeline failures;no
1058440530068160000;RT @zaiapresidente: NellAlto Agordino mancano internet, elettricitÌÊ, lacqua, le strade, le infrastrutture. Il sindaco di Rocca Pietore AnÛ_;not provided;Padova,Padua,Patavium;1541186866188;Lifeline failures;no
1099988527310350000;RT @cstn84: Violenze, abusi sessuali, pessimo e/o scarso cibo, bagni sporchi, mancanza di acqua calda, sovraffollamento, uso di droghe.;not provided;unknown;1551092671379;Lifeline failures;no
1099988917292540000;RT @cstn84: Violenze, abusi sessuali, pessimo e/o scarso cibo, bagni sporchi, mancanza di acqua calda, sovraffollamento, uso di droghe.;not provided;Donde quiero y puedo...;1551092764336;Lifeline failures;no
1099990089592120000;RT @cstn84: Violenze, abusi sessuali, pessimo e/o scarso cibo, bagni sporchi, mancanza di acqua calda, sovraffollamento, uso di droghe.;not provided;Rumagna Sgroza;1551093043827;Lifeline failures;no
1099991862159520000;RT @cstn84: Violenze, abusi sessuali, pessimo e/o scarso cibo, bagni sporchi, mancanza di acqua calda, sovraffollamento, uso di droghe.;not provided;unknown;1551093466466;Lifeline failures;no
1099992325865040000;RT @cstn84: Violenze, abusi sessuali, pessimo e/o scarso cibo, bagni sporchi, mancanza di acqua calda, sovraffollamento, uso di droghe.;not provided;unknown;1551093577016;Lifeline failures;no
1099992861397800000;RT @cstn84: Violenze, abusi sessuali, pessimo e/o scarso cibo, bagni sporchi, mancanza di acqua calda, sovraffollamento, uso di droghe.;not provided;unknown;1551093704723;Lifeline failures;no
1099993314089220000;RT @cstn84: Violenze, abusi sessuali, pessimo e/o scarso cibo, bagni sporchi, mancanza di acqua calda, sovraffollamento, uso di droghe.;not provided;Corsica;1551093812624;Lifeline failures;no
1099993891443470000;RT @cstn84: Violenze, abusi sessuali, pessimo e/o scarso cibo, bagni sporchi, mancanza di acqua calda, sovraffollamento, uso di droghe.;not provided;unknown;1551093950276;Lifeline failures;no
1100002300586850000;RT @cstn84: Violenze, abusi sessuali, pessimo e/o scarso cibo, bagni sporchi, mancanza di acqua calda, sovraffollamento, uso di droghe.;not provided;RepÌ¼blica de Catalunya;1551095955189;Lifeline failures;no
1100019085591610000;RT @cstn84: Violenze, abusi sessuali, pessimo e/o scarso cibo, bagni sporchi, mancanza di acqua calda, sovraffollamento, uso di droghe.;not provided;unknown;1551099957093;Lifeline failures;no
1100019564929310000;RT @cstn84: Violenze, abusi sessuali, pessimo e/o scarso cibo, bagni sporchi, mancanza di acqua calda, sovraffollamento, uso di droghe.;not provided;TannhÌ_user Gates;1551100071334;Lifeline failures;no
1100029871680560000;RT @cstn84: Violenze, abusi sessuali, pessimo e/o scarso cibo, bagni sporchi, mancanza di acqua calda, sovraffollamento, uso di droghe.;not provided;unknown;1551102528628;Lifeline failures;no
1100032786583420000;RT @cstn84: Violenze, abusi sessuali, pessimo e/o scarso cibo, bagni sporchi, mancanza di acqua calda, sovraffollamento, uso di droghe.;not provided;Repubblica delle Banane;1551103223605;Lifeline failures;no
1100291554533620000;RT @cstn84: Violenze, abusi sessuali, pessimo e/o scarso cibo, bagni sporchi, mancanza di acqua calda, sovraffollamento, uso di droghe.;not provided;unknown;1551164918659;Lifeline failures;no
1124410614754040000;RT @indisaccordo: Le luci, le fiamme, le maschere, lassenza di inibizione, levidente libido di Andrea, lodore del pericolo, i blackout dÛ_;not provided;unknown;1556915360904;Lifeline failures;no
1124420417895180000;RT @indisaccordo: Le luci, le fiamme, le maschere, lassenza di inibizione, levidente libido di Andrea, lodore del pericolo, i blackout dÛ_;not provided;Italy;1556917698159;Lifeline failures;no
1126469863537560000;@_ximightbewrong Dai cominciamo! Blackout, Unintended, Sunburn, New Born, Stockhom sindrome, Citizen Erased, MuscleÛ_ https://t.co/BATn9zjGOT;not provided;Italy;1557406324102;Lifeline failures;no
1126470249585540000;@_ximightbewrong Dai cominciamo! Blackout, Unintended, Sunburn, New Born, Stockhom sindrome, Citizen Erased, MuscleÛ_ https://t.co/W5zsuhlmb1;not provided;Italy;1557406416147;Lifeline failures;no
1126470553517330000;@_ximightbewrong Dai cominciamo! Blackout, Unintended, Sunburn, New Born, Stockhom syndrome, Citizen Erased, MuscleÛ_ https://t.co/gM2P4ixret;not provided;Italy;1557406488603;Lifeline failures;no
1126472313782830000;RT @LaMirus: @_ximightbewrong Dai cominciamo! Blackout, Unintended, Sunburn, New Born, Stockhom syndrome, Citizen Erased, Muscle museum...Û_;not provided;Italy;1557406908301;Lifeline failures;no
1130145688342400000;In questo video, un soldato che distribuisce cibo, il Venezuela Ì¬ in ginocchio, mancano acqua, luce, farmaci, graviÛ_ https://t.co/3KeRViHEwx;not provided;Italia;1558282709106;Lifeline failures;no
1004022540778520000;#meteoamelia Tempesta, precipitazioni intense. Temp:22,7 å¡C. Pioggia: 0,0 mm. Vento: 0,0 km/h --- https://t.co/WADca2Xun9 #umbria;GeoLocation{latitude=42.5775, longitude=12.41388889};Amelia,  Umbria (Italy) ;1528212602509;Strong Winds;no
1007179314398480000;#meteoamelia Tempesta, precipitazioni intense. Temp:19,7 å¡C. Pioggia: 0,0 mm. Vento: 4,3 km/h N https://t.co/WADca2Xun9 #umbria;GeoLocation{latitude=42.5775, longitude=12.41388889};Amelia,  Umbria (Italy) ;1528965235932;Strong Winds;no
1007238708863660000;#meteoamelia Tempesta, precipitazioni intense. Temp:25,8 å¡C. Pioggia: 0,0 mm. Vento: 13,7 km/h N https://t.co/WADca2Xun9 #umbria;GeoLocation{latitude=42.5775, longitude=12.41388889};Amelia,  Umbria (Italy) ;1528979396717;Strong Winds;no
1010143465970250000;#meteoamelia Tempesta, precipitazioni intense. Temp:27,0 å¡C. Pioggia: 0,0 mm. Vento: 15,8 km/h SSW https://t.co/WADca2Xun9 #umbria;GeoLocation{latitude=42.5775, longitude=12.41388889};Amelia,  Umbria (Italy) ;1529671944835;Strong Winds;no
1013819206566140000;@pettymagpie Io, fate conto,sono una ginestra. Mi adatto. Caldo, freddo, vento, tempesta, mi scivola tutto e tornoÛ_ https://t.co/qkfvmsmnbq;not provided;Crotone - Bari;1530548309973;Strong Winds;no
1013819368617250000;RT @StefCalab: @pettymagpie Io, fate conto,sono una ginestra. Mi adatto. Caldo, freddo, vento, tempesta, mi scivola tutto e torno sempre suÛ_;not provided;unknown;1530548348225;Strong Winds;no
1044267508700780000;@nonnaporzia @ScrivoArte Ti ringrazio, Ì¬ stato merito del vento, ho visto le foglie cadere, poi, piÌ_ in lÌÊ, alberiÛ_ https://t.co/a3wbNxyq4t;not provided;Parma, Emilia Romagna;1537807749985;Strong Winds;no
1046759167019680000;#meteoamelia Tempesta, precipitazioni intense. Temp:23,4 å¡C. Pioggia: 0,0 mm. Vento: 6,5 km/h SSE https://t.co/WADca2Xun9 #umbria;GeoLocation{latitude=42.5775, longitude=12.41388889};Amelia,  Umbria (Italy) ;1538401807549;Strong Winds;no
1054278613791580000;Pioggia e forti raffiche di vento, danni nel Bolognese | 24Emilia https://t.co/EwEh4IH6H8 https://t.co/7noHwqBexB;not provided;Bologna, Modena, Reggio, Parma, Piacenza, Ferrara;1540194583363;Strong Winds;no
1054291912369330000;RT @24emilia: Pioggia e forti raffiche di vento, danni nel Bolognese | 24Emilia https://t.co/EwEh4IH6H8 https://t.co/7noHwqBexB;not provided;Bologna, Modena, Reggio, Parma, Piacenza, Ferrara;1540197753824;Strong Winds;no
1063849411686650000;RT @karaokey65: #GFVIP Al nord piogge ,AMORE,al sud qualche rovescio,AMORE,vento forte, AMORE....ma vaffanculo!!!!! https://t.co/W3ciPwxwlq;not provided;Terni, Umbria;1542476443775;Strong Winds;no
1064543821743250000;#meteoamelia Tempesta, precipitazioni intense. Temp:7,4 å¡C. Pioggia: 0,0 mm. Vento: 7,9 km/h W https://t.co/WADca2Xun9 #umbria;GeoLocation{latitude=42.5775, longitude=12.41388889};Amelia,  Umbria (Italy) ;1542642004034;Strong Winds;no
1084479171131250000;#meteoamelia Tempesta, precipitazioni intense. Temp:9,0 å¡C. Pioggia: 0,0 mm. Vento: 0,0 km/h W https://t.co/WADca2Xun9 #umbria;GeoLocation{latitude=42.5775, longitude=12.41388889};Amelia,  Umbria (Italy) ;1547394953616;Strong Winds;no
1084690565638300000;#meteoamelia Tempesta, precipitazioni intense. Temp:5,6 å¡C. Pioggia: 0,0 mm. Vento: 0,0 km/h --- https://t.co/WADca2Xun9 #umbria;GeoLocation{latitude=42.5775, longitude=12.41388889};Amelia,  Umbria (Italy) ;1547445354017;Strong Winds;no
1084781189272160000;#meteoamelia Tempesta, precipitazioni intense. Temp:12,9 å¡C. Pioggia: 0,0 mm. Vento: 5,0 km/h NE https://t.co/WADca2Xun9 #umbria;GeoLocation{latitude=42.5775, longitude=12.41388889};Amelia,  Umbria (Italy) ;1547466960348;Strong Winds;no
1087771605923570000;#meteoamelia Tempesta, precipitazioni intense. Temp:1,9 å¡C. Pioggia: 49,5 mm. Vento: 0,0 km/h WSW https://t.co/WADca3f5eH #umbria;GeoLocation{latitude=42.5775, longitude=12.41388889};Amelia,  Umbria (Italy) ;1548179931103;Strong Winds;no
1087832018984050000;#meteoamelia Tempesta, precipitazioni intense. Temp:1,7 å¡C. Pioggia: 49,5 mm. Vento: 2,5 km/h SSE https://t.co/WADca2Xun9 #umbria;GeoLocation{latitude=42.5775, longitude=12.41388889};Amelia,  Umbria (Italy) ;1548194334733;Strong Winds;no
1088134033853290000;#meteoamelia Tempesta, precipitazioni intense. Temp:2,6 å¡C. Pioggia: 7,1 mm. Vento: 4,3 km/h NNE https://t.co/WADca2Xun9 #umbria;GeoLocation{latitude=42.5775, longitude=12.41388889};Amelia,  Umbria (Italy) ;1548266340635;Strong Winds;no
1088405851025650000;#meteoamelia Tempesta, precipitazioni intense. Temp:1,7 å¡C. Pioggia: 0,0 mm. Vento: 5,0 km/h NE https://t.co/WADca2Xun9 #umbria;GeoLocation{latitude=42.5775, longitude=12.41388889};Amelia,  Umbria (Italy) ;1548331146878;Strong Winds;no
1088526648213870000;#meteoamelia Tempesta, precipitazioni intense. Temp:1,7 å¡C. Pioggia: 0,0 mm. Vento: 5,0 km/h NE https://t.co/WADca3f5eH #umbria;GeoLocation{latitude=42.5775, longitude=12.41388889};Amelia,  Umbria (Italy) ;1548359947185;Strong Winds;no
1090242155522760000;#meteoamelia Tempesta, precipitazioni intense. Temp:7,0 å¡C. Pioggia: 0,0 mm. Vento: 6,5 km/h N https://t.co/WADca2Xun9 #umbria;GeoLocation{latitude=42.5775, longitude=12.41388889};Amelia,  Umbria (Italy) ;1548768955966;Strong Winds;no
1091438787144620000;#meteoamelia Tempesta, precipitazioni intense. Temp:11,2 å¡C. Pioggia: 6,1 mm. Vento: 10,4 km/h SSE https://t.co/WADca2Xun9 #umbria;GeoLocation{latitude=42.5775, longitude=12.41388889};Amelia,  Umbria (Italy) ;1549054255077;Strong Winds;no
1124310355327500000;#meteoamelia Tempesta, precipitazioni intense. Temp:20,1 å¡C. Pioggia: 0,0 mm. Vento: 7,6 km/h S https://t.co/WADca2Xun9 #umbria;GeoLocation{latitude=42.5775, longitude=12.41388889};Amelia,  Umbria (Italy) ;1556891457224;Strong Winds;no
1124521718125600000;#meteoamelia Tempesta, precipitazioni intense. Temp:9,9 å¡C. Pioggia: 5,3 mm. Vento: 0,0 km/h N https://t.co/WADca2Xun9 #umbria;GeoLocation{latitude=42.5775, longitude=12.41388889};Amelia,  Umbria (Italy) ;1556941850029;Strong Winds;no
1124661524080070000;#meteo Sab: instabilitÌÊ, da sera e fino Dom pome piogge, temporali, vento di burrasca forte da N, neve a bassa quota, crollo T. Lun:migliora;not provided;Liguria, Italia;1556975182353;Strong Winds;no
1124677175565800000;RT @ARPALiguria: #meteo Sab: instabilitÌÊ, da sera e fino Dom pome piogge, temporali, vento di burrasca forte da N, neve a bassa quota, crolÛ_;not provided;Bassignana, Piemonte;1556978913968;Strong Winds;no
1124702912964430000;#meteoamelia Tempesta, precipitazioni intense. Temp:17,6 å¡C. Pioggia: 6,4 mm. Vento: 16,6 km/h W https://t.co/WADca2Xun9 #umbria;GeoLocation{latitude=42.5775, longitude=12.41388889};Amelia,  Umbria (Italy) ;1556985050247;Strong Winds;no
1124853908269160000;#meteoamelia Tempesta, precipitazioni intense. Temp:11,4 å¡C. Pioggia: 0,0 mm. Vento: 0,0 km/h SSE https://t.co/WADca2Xun9 #umbria;GeoLocation{latitude=42.5775, longitude=12.41388889};Amelia,  Umbria (Italy) ;1557021050328;Strong Winds;no
1124944507424910000;#meteoamelia Tempesta, precipitazioni intense. Temp:12,5 å¡C. Pioggia: 0,0 mm. Vento: 6,5 km/h SE https://t.co/WADca2Xun9 #umbria;GeoLocation{latitude=42.5775, longitude=12.41388889};Amelia,  Umbria (Italy) ;1557042650857;Strong Winds;no
1127268980815790000;RT @ARPALiguria: #meteo Sab: instabilitÌÊ, da sera e fino Dom pome piogge, temporali, vento di burrasca forte da N, neve a bassa quota, crolÛ_;not provided;Castiglione Chiavarese, Italia;1557596848531;Strong Winds;no
1127541698358320000;#meteoamelia Tempesta, precipitazioni intense. Temp:16,3 å¡C. Pioggia: 20,1 mm. Vento: 0,0 km/h --- https://t.co/WADca2Xun9 #umbria;GeoLocation{latitude=42.5775, longitude=12.41388889};Amelia,  Umbria (Italy) ;1557661869455;Strong Winds;no
1127624165782110000;bello questo mese di Maggio: ansia, pioggia, materie da recuperare, freddo, ore passate sui libri, vento forte, andÛ_ https://t.co/2JS434Zps9;not provided;unknown;1557681531259;Strong Winds;no
1127631500525090000;RT @wallpaperflo: bello questo mese di Maggio: ansia, pioggia, materie da recuperare, freddo, ore passate sui libri, vento forte, andare aÛ_;not provided;padua (Italy);1557683279979;Strong Winds;no
1127632297312890000;#meteoamelia Tempesta, precipitazioni intense. Temp:11,0 å¡C. Pioggia: 28,4 mm. Vento: 0,0 km/h --- https://t.co/WADca2Xun9 #umbria;GeoLocation{latitude=42.5775, longitude=12.41388889};Amelia,  Umbria (Italy) ;1557683469995;Strong Winds;no
1127894013665660000;[Fonte: laprimapagina_it] Grandine, vento e pioggia: danni nel Tarantino a vigneti, angurie, melograni, agrumeti, uÛ_ https://t.co/p617GOAQ3U;not provided;Padova, Italy;1557745868025;Strong Winds;no
1127931786347060000;RT @wallpaperflo: bello questo mese di Maggio: ansia, pioggia, materie da recuperare, freddo, ore passate sui libri, vento forte, andare aÛ_;not provided;Ovunque con Niall;1557754873690;Strong Winds;no
1127958697953710000;RT @wallpaperflo: bello questo mese di Maggio: ansia, pioggia, materie da recuperare, freddo, ore passate sui libri, vento forte, andare aÛ_;not provided;Italy;1557761289868;Strong Winds;no
1129522704305010000;#meteoamelia Tempesta, precipitazioni intense. Temp:12,0 å¡C. Pioggia: 0,0 mm. Vento: 0,0 km/h --- https://t.co/WADca2Xun9 #umbria;GeoLocation{latitude=42.5775, longitude=12.41388889};Amelia,  Umbria (Italy) ;1558134178060;Strong Winds;no
1129552920129750000;#meteoamelia Tempesta, precipitazioni intense. Temp:11,0 å¡C. Pioggia: 0,0 mm. Vento: 0,0 km/h --- https://t.co/WADca2Xun9 #umbria;GeoLocation{latitude=42.5775, longitude=12.41388889};Amelia,  Umbria (Italy) ;1558141382152;Strong Winds;no
1046699376402460000;RT @emanuelefiano: Crolla il ponte di Genova, il paese si mobilita, polizia, vigili del fuoco etc, tutti danno una mano per salvare i sopraÛ_;not provided;Milano, Pisa, Italy;1538387552334;Structural Failure;no
1046757886657990000;RT @emanuelefiano: Crolla il ponte di Genova, il paese si mobilita, polizia, vigili del fuoco etc, tutti danno una mano per salvare i sopraÛ_;not provided;Milan, Italy, World;1538401502349;Structural Failure;no
1051159882538340000;Se qualcuno ha tempo e voglia, su you tube, Cercate, Orlando Portento crollo ponte, Ebbene, dopo, soli  tre giorniÛ_ https://t.co/BVK5wdijqm;not provided;unknown;1539451019892;Structural Failure;no
1053396579166480000;Nubifragi, esondazioni, frane, crolli e allagamenti, con molte strade trasformate in fiumi di acqua, fango e detritÛ_ https://t.co/x3pYJ2TK87;not provided;Catania, Sicilia;1539984289853;Structural Failure;no
1053600260155670000;In questo paese dove tutto crolla,dove si muore sotto ponti, scuole, case, carceri, dove crollano inestimabili operÛ_ https://t.co/YOIouqkwCx;not provided;Genova, Liguria;1540032851167;Structural Failure;no
1058408210615490000;RT @Virus1979C: se litalia Ì¬ devastata dal maltempo, ci sono disagi ovunque, crolli, alberi caduti, strade diventate fiumi, boschi distrutÛ_;not provided;Lipomo, Lombardia;1541179160656;Structural Failure;no
1058980024316050000;RT @Virus1979C: se litalia Ì¬ devastata dal maltempo, ci sono disagi ovunque, crolli, alberi caduti, strade diventate fiumi, boschi distrutÛ_;not provided;Lombardia, Italia;1541315491557;Structural Failure;no
1059029554176630000;#Salvini: ÛÏScesi nei comuni del Cadore, a Rocca Pietore, Santo Stefano, San Pietro. Argini crollati, frane, stradeÛ_ https://t.co/OTg26RaAQa;not provided;MilÌÊn, Padania;1541327300516;Structural Failure;no
1059103417161970000;RT @LegaNordMilano: #Salvini, Scesi nei comuni del Cadore, a Rocca Pietore, Santo Stefano, San Pietro. Argini crollati, frane, strade mangiÛ_;not provided;(CO) Italia;1541344910749;Structural Failure;no
1059157558290720000;RT @Noiconsalvini: #Salvini: ÛÏScesi nei comuni del Cadore, a Rocca Pietore, Santo Stefano, San Pietro. Argini crollati, frane, strade mangiÛ_;not provided;Abruzzo, Italia;1541357818978;Structural Failure;no
1059163084546330000;RT @Noiconsalvini: #Salvini: ÛÏScesi nei comuni del Cadore, a Rocca Pietore, Santo Stefano, San Pietro. Argini crollati, frane, strade mangiÛ_;not provided;Padova, Veneto;1541359136638;Structural Failure;no
1003036597741330000;RT @Queen_Of_Roses: Non mi avete fatto niente, canzone contro la paura, terrorismo, guerre, canzone che ha girato il mondo, nata mentre ErmÛ_;not provided;Mottola, Puglia;1527977535350;Terrorism;no
1003036597741330000;RT @Queen_Of_Roses: Non mi avete fatto niente, canzone contro la paura, terrorismo, guerre, canzone che ha girato il mondo, nata mentre ErmÛ_;not provided;Mottola, Puglia;1527977535351;Terrorism;no
1003036597741330000;RT @Queen_Of_Roses: Non mi avete fatto niente, canzone contro la paura, terrorismo, guerre, canzone che ha girato il mondo, nata mentre ErmÛ_;not provided;Mottola, Puglia;1527977535350;Terrorism;no
1003036597741330000;RT @Queen_Of_Roses: Non mi avete fatto niente, canzone contro la paura, terrorismo, guerre, canzone che ha girato il mondo, nata mentre ErmÛ_;not provided;Mottola, Puglia;1527977535351;Terrorism;no
1007567511532040000;RT @PicoPaperopoli: _ÙÒ  #15Giugno;not provided;Potenza, Basilicata, Italia, Europa, Terra, Sistema Solare, Ammasso Locale.;1529057789332;Terrorism;no
1014386735332150000;RT @Giuliafaf97: Abbiamo la corruzione, lomofobia, razzismo, attentati terroristici, chi piÌ_ ne ha piÌ_ ne metta.;not provided;Provincia di Milano, Lombardia, Italia;1530683618990;Terrorism;no
1051124870677970000;@AlessiaMorani I fantocci bruciati, la bomba, le donne stuprate, il terrorismo mediatico, Martina, Renzi, tu? JunkeÛ_ https://t.co/GcxqKCWenz;not provided;orta nova - fg -;1539442672458;Terrorism;no
1024596135871160000;Alcune donne sono tempesta, lampi, tuoni, vento forte, ed altre una pioggerella sottile, estiva, che rinfresca.;not provided;Lecco ( intesa come cittÌÊ ) ;1533117729675;ThunderStorm;no
1024596360237120000;RT @BrambillaLuca: Alcune donne sono tempesta, lampi, tuoni, vento forte, ed altre una pioggerella sottile, estiva, che rinfresca.;not provided;unknown;1533117783187;ThunderStorm;no
1024597290001030000;RT @BrambillaLuca: Alcune donne sono tempesta, lampi, tuoni, vento forte, ed altre una pioggerella sottile, estiva, che rinfresca.;not provided;unknown;1533118004845;ThunderStorm;no
1024597833989730000;RT @BrambillaLuca: Alcune donne sono tempesta, lampi, tuoni, vento forte, ed altre una pioggerella sottile, estiva, che rinfresca.;not provided;unknown;1533118134579;ThunderStorm;no
1024691914300430000;RT @ApprodoSicuro: Alcune donne sono tempesta, lampi, tuoni, vento forte, ed altre una pioggerella sottile, estiva, che rinfresca.;not provided;unknown;1533140565067;ThunderStorm;no
1024745614410690000;RT @BrambillaLuca: Alcune donne sono tempesta, lampi, tuoni, vento forte, ed altre una pioggerella sottile, estiva, che rinfresca.;not provided;Italy;1533153368202;ThunderStorm;no
1024748048939990000;RT @BrambillaLuca: Alcune donne sono tempesta, lampi, tuoni, vento forte, ed altre una pioggerella sottile, estiva, che rinfresca.;not provided;unknown;1533153948619;ThunderStorm;no
1024758725918240000;RT @BrambillaLuca: Alcune donne sono tempesta, lampi, tuoni, vento forte, ed altre una pioggerella sottile, estiva, che rinfresca.;not provided;unknown;1533156494170;ThunderStorm;no
1024897374634890000;RT @BrambillaLuca: Alcune donne sono tempesta, lampi, tuoni, vento forte, ed altre una pioggerella sottile, estiva, che rinfresca.;not provided;Napoli;1533189550600;ThunderStorm;no
1024923561339830000;RT @BrambillaLuca: Alcune donne sono tempesta, lampi, tuoni, vento forte, ed altre una pioggerella sottile, estiva, che rinfresca.;not provided;unknown;1533195794006;ThunderStorm;no
1024932548764490000;RT @BrambillaLuca: Alcune donne sono tempesta, lampi, tuoni, vento forte, ed altre una pioggerella sottile, estiva, che rinfresca.;not provided;unknown;1533197936745;ThunderStorm;no
1024963025915260000;RT @BrambillaLuca: Alcune donne sono tempesta, lampi, tuoni, vento forte, ed altre una pioggerella sottile, estiva, che rinfresca.;not provided;unknown;1533205203095;ThunderStorm;no
"1124772844922130000;""Fuori grandine", pioggia battente, lampi, tuoni; dentro forza zero, pensieri," solitudine forzata. #Maggembre"";not provided;Milano", Lombardia;1557001723310;ThunderStorm;no
"1124781316162110000;""RT @AnnaRagosta: Fuori grandine", pioggia battente, lampi, tuoni; dentro forza zero, pensieri," solitudine forzata. #Maggembre"";not provided;Lucca",  Italia;1557003743023;ThunderStorm;no
1005097604601040000;Da lunedi 11 giugno, fino al 30 settembre, la SP/3 Ardeatina sarÌÊ chiusa dal km 14,200 al km 14,400, traffico deviaÛ_ https://t.co/bA6ZUwdQpk;not provided;Roma, Lazio;1528468918466;Transportation system failure;no
1006479729220780000;RT @generalemilillo: MinisteroDifesa: #12giugno Il Ministro Trenta appresa la notizia del grave incidente avvenuto a Carpegna nel quale Ì¬ rÛ_;not provided;Potenza, Basilicata, Italia, Europa, Terra, Sistema Solare, Ammasso Locale.;1528798441798;Transportation system failure;no
1011588352318060000;RT @divanodeipigri: #LallaRomano ci lasciava il #26giugno 2001.;not provided;Potenza, Basilicata, Italia, Europa, Terra, Sistema Solare, Ammasso Locale.;1530016432551;Transportation system failure;no
1101902701078760000;Tononelli, al tempo dei Romani, avrebbe bloccato il  Colosseo, le strade Appia, Aurelia e altre opere. Meno male. Meditate gente, meditate.;not provided;Monza, Lombardia;1551549045766;Transportation system failure;no
